cleaned_category,score
Shounen,7.078730158730159
Seinen,6.987554347826087
Josei,6.9501075268817205
Shoujo,6.860864406779661
Other or NA,6.369581881533101
Kids,6.114985422740525
